id,name,host_id,host_name,neighbourhood_group,neighbourhood,latitude,longitude,room_type,price,minimum_nights,number_of_reviews,last_review,reviews_per_month,calculated_host_listings_count,availability_365
41974,Englewood Cottage,183514,Ruth,,Ward 1,44.94404281031542,-123.00995966369125,Entire home/apt,80,1,151,2018-10-28,1.49,1,4
199568,Garden studio apt,974919,Sara,,Ward 1,44.95195862280974,-123.05627408891182,Entire home/apt,75,2,151,2018-12-31,1.67,2,0
226880,quiet room with a view,974919,Sara,,Ward 1,44.95203985883649,-123.05679145731905,Private room,35,1,78,2018-10-14,0.94,2,35
900778,Spacious Flat in Historic Home,4811368,Corrine,,Ward 1,44.94419768738417,-123.01116043912087,Entire home/apt,105,2,192,2019-01-31,2.64,1,220
1159564,SOLAR ECLIPSE - A,2185672,Roberta,,Ward 3,44.88415552756293,-123.04340915586322,Private room,175,2,2,2013-08-30,0.03,1,365
2894591,Quiet and cozy home in South Salem.,14613038,Sue,,Ward 7,44.90753897044507,-123.07688195270015,Private room,50,1,184,2018-12-29,3.25,1,273
4785215,Century House Doug Fir Room,10502090,Jean,,Ward 2,44.93447583406532,-123.02103307255888,Private room,85,1,69,2018-09-23,1.39,3,334
6853136,CAPITOL CITY RETREAT,7975048,Darlene,,Ward 4,44.85606042209379,-123.02038922085028,Private room,67,1,100,2018-11-23,2.27,2,365
6975705,CAPITOL CITY RETREAT 2,7975048,Darlene,,Ward 4,44.85588998132861,-123.02029741688833,Private room,54,1,43,2018-12-30,0.99,2,365
7293821,Chauffeurs Room @ the Villa,38202007,Julie,,Ward 7,44.924836777138914,-123.04989900825075,Entire home/apt,95,1,228,2019-01-20,5.27,1,85
8255984,Downtown Salem Loft in Salem Oregon,43537767,Angela,,Ward 1,44.941321030724104,-123.04070855799358,Entire home/apt,220,2,49,2018-11-30,1.19,1,193
8524259,Single room in Comfort Home,2421461,Nancy,,Ward 7,44.891046972199874,-123.06843076896668,Private room,75,1,2,2018-06-13,0.11,2,352
8698684,Charming Craftsman...Close to Downtown!,3208932,Christy And Arnaud,,Ward 2,44.933053756581366,-123.01985465835436,Entire home/apt,106,2,61,2019-01-02,1.61,3,107
8817036,Private Room In Quiet West Salem Neighborhood,22853165,Rayana & Matt,,Ward 8,44.95313016741394,-123.06377999339732,Private room,38,1,180,2019-01-19,4.49,2,114
9075412,WittsPad,24077619,Cheryl,,Ward 1,44.94049244688918,-123.06107105298268,Private room,100,1,0,,,2,346
9238563,Spacious Suite with Private Sauna and AC,48017737,Steve & Robin,,Ward 1,44.95434454467945,-123.05678571082197,Entire home/apt,75,2,271,2019-01-27,6.97,1,157
9477671,"Stylish, Private, Urban Guest House",14797761,Leigh,,Ward 1,44.956679221756886,-123.0263493333364,Entire home/apt,80,1,217,2019-02-01,7.13,1,69
9597053,Spacious home near downtown Salem,18810608,Karen,,Ward 1,44.95171352053082,-123.04055697173322,Entire home/apt,79,2,141,2018-12-02,3.74,1,138
9956213,Immaculate home with Central AC in SE Salem,38945057,Ernest & Tal,,Ward 4,44.87589762790271,-123.06040483289375,Entire home/apt,115,2,72,2019-01-31,1.92,1,135
10074172,A. Relax in a Quiet Peaceful Historic House,51689419,Nick,,Ward 1,44.94518073759238,-123.01395182498463,Private room,39,1,119,2019-01-04,3.22,2,175
10745268,Quiet and Beautiful Retreat & private bath,707227,Katje (Pronounced Koteeya),,Ward 4,44.85789055610076,-123.02119481808097,Private room,40,1,63,2018-12-25,1.74,1,351
10745972,Urban homestead in town (with a REAL breakfast)!,23041542,Barbara,,Ward 8,44.945454818755906,-123.07865630976521,Private room,58,1,150,2019-01-26,4.24,1,41
11362008,Cozy room in Central Salem,3208932,Christy And Arnaud,,Ward 2,44.93134812969965,-123.02125454204987,Private room,30,1,222,2019-02-03,6.48,3,101
12053483,Charming Cottage in Downtown Salem,36056888,Mark & Jennifer,,Ward 1,44.94696603504571,-123.02656757782252,Entire home/apt,95,5,49,2019-01-08,1.60,1,220
12157896,The RoseCliff Bungalow,62027098,Debra And Brad,,Ward 8,44.95581303654928,-123.05820430869971,Entire home/apt,120,2,63,2018-12-30,1.92,1,322
12232289,West Hills Modern Luxury- Private Room & Breakfast,65785099,Angela,,Ward 8,44.95214307414873,-123.0865313308409,Private room,50,1,17,2018-06-24,0.80,1,65
12588161,Home away from home,68279432,Sharon,,Ward 2,44.91014853327655,-123.0345546491706,Private room,38,2,32,2018-10-14,0.95,1,284
12631652,"Comfortable, Peaceful 1940's House",60242907,Heather,,Ward 1,44.9509837950743,-123.01490812645699,Private room,46,1,80,2018-08-24,2.49,1,309
12892550,Peaceful Room In Salem Historic Neighborhood,51689419,Nick,,Ward 1,44.94461949132844,-123.01144018476747,Private room,45,1,100,2019-01-13,3.01,2,129
12934165,Midcentury Suite with Living Room,71029874,Anne,,Ward 7,44.90873029844497,-123.06791345157389,Entire home/apt,85,1,30,2019-01-26,0.93,2,234
13620753,Private Suite 5 mins to Downtown/40 mins to Coast,78890374,Bob & Delia,,Ward 8,44.961468846534444,-123.06952229876151,Private room,49,1,194,2019-01-27,6.10,1,212
13960938,"Cozy House in quiet South Salem, private bathroom",19196434,Maria,,Ward 7,44.902116501246525,-123.05863149708973,Private room,45,2,69,2019-01-24,2.32,1,70
14017093,Two rooms in historic neighborhood near University,74488167,Casey,,Ward 2,44.91961158693929,-123.03912767927339,Private room,40,1,180,2019-01-22,5.79,1,241
14077210,Light filled Art Loft on Fairmount Hill,2666789,Mary Lou,,Ward 7,44.92497131930772,-123.0487901975083,Entire home/apt,105,1,207,2019-01-19,6.76,1,41
14556351,Ben Lomond House,83848627,Matthew,,Ward 2,44.91557258399512,-123.03931252199474,Entire home/apt,265,2,53,2019-01-31,1.76,1,288
14606059,The Salem Treehouse,87528756,Lisa,,Ward 7,44.90377313452177,-123.06800375934861,Private room,85,2,16,2017-03-12,0.54,1,65
14773378,Private Room five kilometers from Downtown Room 1,60660763,David,,Ward 2,44.91061610201828,-123.02784213572431,Private room,31,1,99,2019-01-16,3.35,2,359
14871137,Room with a view,89542153,Ryan,,Ward 8,44.95181302542939,-123.07399970532312,Private room,49,1,5,2017-08-21,0.17,1,179
14967922,5-star 4-Bedroom home near WIllamette University,89181819,Kristen,,Ward 7,44.9206616321111,-123.04677548477731,Entire home/apt,300,4,3,2018-12-17,0.48,1,193
15272064,"Vista Manor, queen, ensuite private bath, upstairs",49073704,Elizabeth,,Ward 2,44.91011319862301,-123.04173096294363,Private room,48,1,273,2019-01-27,9.64,3,339
15530703,1926 Craftsman: Oregon Hospitality w/ Private Bath,90232641,Wendy,,Ward 7,44.93064816041636,-123.0459939641898,Private room,79,2,51,2018-09-25,2.35,1,21
15815105,"Vista Manor,King bed,ensuite bathroom upstairs.",49073704,Elizabeth,,Ward 2,44.911772645002856,-123.0417101215677,Private room,65,1,154,2019-02-03,5.72,3,307
16032390,Nice quiet community. Guest parking,69965730,Alexandr,,Ward 4,44.870465288674055,-123.0259044364365,Private room,45,2,14,2017-09-19,0.56,1,179
16690039,Inspiring room in Central Salem,3208932,Christy And Arnaud,,Ward 2,44.931674100968564,-123.02010507607721,Private room,42,1,135,2019-01-27,5.38,3,79
16769751,Guest bedroom/bathroom,111333376,Stu,,Ward 5,44.963501488656,-123.00077288072812,Private room,50,1,43,2018-09-30,1.76,1,0
17111184,Century House Cedar Room,10502090,Jean,,Ward 2,44.93392498863437,-123.01959772887366,Private room,98,1,15,2018-11-28,0.65,3,355
17224365,The Art Room,33621906,Abdullah,,Ward 1,44.95220641424714,-123.01162079134295,Private room,75,2,9,2018-08-02,0.38,1,124
17238244,(Phone number hidden by Airbnb) s Cottage - Walk in the Park (Phone number hidden by Airbnb) LI,22605257,Linda,,Ward 7,44.92740223699552,-123.046699954788,Entire home/apt,130,1,108,2019-02-02,4.76,1,265
17424096,Cozy Bedroom in a townhouse,35861426,Erenly,,Ward 4,44.8676246000568,-123.03146142569467,Private room,45,1,8,2018-05-15,0.37,1,310
17433830,Motivation Room 4 In Quite Neighborhood,972844,Julia,,Ward 1,44.9444895903034,-123.01320125061173,Private room,39,1,37,2019-01-20,1.66,1,120
17711622,Comfortable and Peaceful,23877716,Amy,,Ward 4,44.88019672788362,-123.03817071558615,Private room,30,1,49,2018-11-08,2.13,4,355
17719975,Writer's corner room,1619113,Jill,,Ward 2,44.9283049987896,-123.01516496373436,Private room,30,1,97,2018-09-11,4.28,1,0
17736273,Bluff house,120967569,Carol,,Ward 3,44.907935653801545,-123.03198009427295,Private room,50,2,5,2018-09-04,0.26,1,363
17926258,"Salem OR, Family friendly, Central location!",70997537,Stephanie,,Ward 2,44.911191580761596,-123.03627201608725,Entire home/apt,180,2,3,2018-10-18,0.48,1,358
18255314,Oregon State Capital CAMPING - Space 1,62162184,Shelly,,Ward 3,44.91784352375809,-122.95749570938413,Private room,40,2,2,2017-08-23,0.11,1,364
18654723,Paxson House - Toscono Room,49211542,Tim And Connie,,Ward 3,44.90615636338674,-123.02936441720053,Private room,55,2,3,2018-08-25,0.17,2,96
18756208,Perfect Eclipse stay.,37502456,Becky,,Ward 4,44.87467636656329,-123.02762743395567,Entire home/apt,1500,2,1,2017-06-17,0.05,1,89
18957672,Cozy Room in Downtown Salem,18601259,Christopher And Jackie,,Ward 1,44.94947750876645,-123.03124186080049,Private room,35,1,18,2018-11-16,1.01,1,0
18979869,"West Salem: Relax, Refresh and Room to sprawl",16355487,Sandy & Ben,,Ward 8,44.97169711110128,-123.07464973374397,Private room,50,2,1,2017-08-21,0.06,1,88
19144944,Country Garden Retreat,133856626,Diane,,Ward 3,44.888977109308556,-122.95201216606841,Entire home/apt,77,1,88,2019-01-20,4.73,1,169
19182947,Beautiful South Salem Home,72582641,Sarah,,Ward 7,44.91316807378177,-123.051432858929,Entire home/apt,300,2,9,2018-08-23,0.51,1,0
19247929,Spacious Cottage in South Salem,134773170,Isaac And Donia,,Ward 7,44.887994703601464,-123.0731696375902,Entire home/apt,60,2,35,2019-01-10,1.75,1,150
19388806,Cindy's Nook,42050514,Cindy,,Ward 7,44.91735777253136,-123.0468600171983,Private room,69,1,115,2019-01-27,5.96,1,338
19394840,"Large private, scenic waterfront suite.",61926106,Nate & Renee,,Ward 2,44.933075499926005,-123.01138795882767,Private room,42,1,95,2019-01-24,4.88,1,80
19409655,Historic Bungalow-Queen’s Room,46108277,Jaya,,Ward 2,44.93323423869576,-123.01981558721491,Private room,40,1,88,2018-11-04,4.53,2,251
19411912,LAST MIN OPENING Nice Home HUGE PRICE DROP to $199,10675141,Patrick,,Ward 1,44.948853975082194,-123.06035340979497,Private room,199,1,0,,,2,365
19415582,House  by the Capital and Willamette University.,136123864,Jim,,Ward 1,44.94520902975868,-123.01909488891454,Entire home/apt,95,2,28,2018-09-30,1.57,1,211
19468058,Vintage Themed Interior w/AC & Netflix,29091120,Victoria,,Ward 4,44.87956078272377,-123.03285137970919,Entire home/apt,115,2,20,2018-11-24,1.12,1,183
19475795,"Big home with pool, outdoor area",136654813,Jake,,Ward 8,44.95782201922509,-123.0663896311777,Entire home/apt,1500,3,0,,,1,88
19504726,Spacious South Salem Home,94713910,Erica,,Ward 3,44.904378865778625,-123.03693223570966,Entire home/apt,100,2,13,2018-09-29,0.69,1,31
19532562,Historic Cottage close to downtown for Eclipse,134427390,Nathan,,Ward 1,44.93841556221675,-123.02308708408012,Entire home/apt,850,2,1,2017-08-21,0.06,1,365
19552499,Paxson House - Giardino Room,49211542,Tim And Connie,,Ward 3,44.905033164576665,-123.029451022987,Private room,69,2,7,2018-08-13,0.40,2,63
19612383,Quiet comfort in Salem,83523432,Ryan,,Ward 7,44.90213577010222,-123.109578589453,Private room,50,1,3,2017-07-30,0.16,1,0
19636742,Fresh and Modern Family Friendly Home,29825765,Hilary,,Ward 7,44.90687750698223,-123.06507009025336,Entire home/apt,450,2,0,,,1,88
19641964,Welcome Home,138218669,Wayne,,Ward 3,44.89605081744276,-123.04016268363598,Entire home/apt,500,2,0,,,1,365
19643837,Farmstead Campsite for the Eclipse!,6017353,Stacey,,Ward 2,44.94324838236642,-122.99620022770436,Private room,200,2,1,2017-08-21,0.06,1,89
19703543,In Eclipse Zone: Private Master Bedroom w/ Bath,138834613,William,,Ward 4,44.86637103417114,-123.013994509577,Private room,505,2,0,,,1,178
19733204,"Cute, Comfortable and Convenient",34689449,Rob & Cindy,,Ward 5,44.99118374683461,-122.96015704476645,Private room,45,1,121,2019-01-23,6.81,1,253
19735048,"Cozy, Private Room in South Salem",139143534,Ashley,,Ward 7,44.90218377205008,-123.0527791654257,Private room,33,2,21,2018-12-01,1.12,1,44
19771178,Private Suite near Minto-Brown Island Park.,2931274,Silvia,,Ward 7,44.91453743018865,-123.06091385333552,Entire home/apt,350,1,42,2019-01-26,2.29,1,74
19789195,Eastlake Place,139732464,Carla,,Ward 4,44.878515572361124,-123.00624631798188,Entire home/apt,3000,1,0,,,1,89
19829943,Hotel Amenities w/o the Price - Family Friendly,86888120,Brett,,Ward 4,44.87548928570281,-123.0116454016523,Private room,50,2,67,2019-01-24,4.07,1,124
19840044,Sunnyslope Retreat  - Private Entry and Fireplace,17012934,Chuck & Lorie,,Ward 7,44.89666745294729,-123.06327354430984,Entire home/apt,95,2,50,2019-01-26,2.74,1,134
19849491,WittsPad - Attic,24077619,Cheryl,,Ward 1,44.94009627598041,-123.06024603948127,Private room,222,1,1,2017-08-21,0.06,2,346
19906919,Jefferson Garden Cottage,140972895,Angela,,Ward 1,44.95351330299525,-123.01565132070809,Entire home/apt,145,2,38,2019-01-21,2.13,2,269
19928942,Awesome new home in beautiful West Salem -,89212656,Joyce,,Ward 8,44.981843457710404,-123.0754282653498,Private room,32,1,2,2018-08-26,0.29,1,361
19933437,Solar Eclipse Room,141236935,Rachel,,Ward 4,44.866314489188376,-123.01319760332188,Private room,250,2,0,,,1,364
19953996,"Family Home, Comfy Beds, Full Breakfast ~ ECLIPSE!",10675141,Patrick,,Ward 1,44.94768467358027,-123.06201670760068,Private room,333,2,0,,,2,365
19971211,Comfortable Craftsman,135951789,Rayanna,,Ward 4,44.87185048813303,-123.04272895748784,Entire home/apt,399,3,0,,,1,310
19971738,"Beautiful Home in Edgewater District of Salem, OR",82974436,Dwayne,,Ward 1,44.94183233474278,-123.0602952058039,Entire home/apt,395,2,0,,,1,179
19983672,Classic Town Home on 50 acres of wetlands,141740262,Megan,,Ward 4,44.85978086559344,-123.02152916719774,Private room,750,2,1,2017-08-22,0.06,1,155
19993475,great house for eclipse,141849138,David,,Ward 1,44.94705478283355,-123.02322556922525,Entire home/apt,500,2,0,,,1,365
20011950,Private Room in Comfort Home,2421461,Nancy,,Ward 7,44.892182248837955,-123.0701510486694,Private room,800,1,1,2017-08-23,0.06,2,219
20014682,**Private bedroom available SOLAR ECLIPSE,93510253,Lindsey,,Ward 2,44.919937811010364,-123.03859238920208,Private room,301,2,0,,,2,179
20014811,"Holiday in the woods - King bed, private bath",142095898,Kevin,,Ward 7,44.901557465927,-123.0721414679289,Private room,60,2,4,2018-08-13,0.22,4,65
20015604,Private bedroom available for **ECLIPSE**,93510253,Lindsey,,Ward 2,44.921470670947336,-123.03995935002244,Private room,249,2,1,2017-08-22,0.06,2,89
20028234,Wildlife Getaway!,26706686,Jill,,Ward 7,44.909469573983856,-123.07299803366834,Entire home/apt,299,3,6,2018-08-25,0.34,1,7
20035307,"Sweet private bed, bath, and more",90246105,Susan,,Ward 1,44.95102156350503,-123.01328785969099,Entire home/apt,45,2,64,2019-01-10,3.54,1,235
20072558,Myrtle Cottage Guest House,142659171,Judy And Ray,,Ward 8,44.939372059168335,-123.08178495228229,Entire home/apt,65,3,23,2019-02-03,1.30,1,244
20095804,Private Guest Area in Comfortable South Salem Home,18253159,Laurelin,,Ward 3,44.884747363437384,-123.04555764715639,Private room,60,1,4,2017-12-30,0.23,1,77
20116557,Sean's Solstice Haven,60564951,Heather,,Ward 8,44.954291430381616,-123.06266068988324,Entire home/apt,699,2,1,2017-08-21,0.06,1,364
20134793,Vintage house with big front porch,80527228,Paris,,Ward 1,44.95497008436306,-123.02769479722166,Entire home/apt,54,2,1,2017-08-21,0.06,1,31
20139918,Eclipse Place,97429837,(Email hidden by Airbnb),,Ward 8,44.95871598934408,-123.09042585146435,Entire home/apt,1650,3,0,,,1,365
20150751,Quiet private room and bath in stylish MCM home,51443453,Steven,,Ward 3,44.90321747868752,-123.03073317940179,Private room,400,1,80,2019-01-23,4.49,1,71
20157308,West Salem Hills,86214276,Byron,,Ward 8,44.94500346218138,-123.0930931026883,Private room,60,1,16,2018-10-14,0.90,1,179
20194079,Luxury condo available for eclipse!,143799403,Cole,,Ward 4,44.86933987046975,-123.01913632233025,Entire home/apt,675,2,0,,,1,364
20194623,Debbie's House,143806295,Casey,,Ward 4,44.87630929338402,-123.0334967084627,Private room,500,1,0,,,1,89
20210811,"Spend the Holidays-3 bed, 2 bath home in the woods",142095898,Kevin,,Ward 7,44.901596146138,-123.07196426834066,Entire home/apt,150,2,15,2018-12-29,0.83,4,341
20214612,Capitol City Eclipse Stay,42953691,Kimberly,,Ward 6,44.946227175254,-123.00098947602663,Entire home/apt,350,2,0,,,1,88
20229644,Aberdeen,144140481,Todd,,Ward 7,44.90010065563402,-123.11082672028999,Entire home/apt,1000,3,0,,,1,365
20230614,A weekend in wine country,144145486,Natasha,,Ward 8,44.977123058947534,-123.08421629461304,Entire home/apt,1500,2,0,,,1,363
20232827,Homebydesign4u,144041038,Ligali,,Ward 3,44.898080743570645,-123.04873763023043,Entire home/apt,115,2,44,2019-01-27,2.79,1,128
20247113,West Salem Hills,34578008,Sam & Michelle,,Ward 8,44.942668609946516,-123.07597217089291,Private room,85,1,3,2018-08-24,0.17,1,170
20267376,Total Eclipse of the House,143040252,Beau,,Ward 5,44.972498425106714,-123.03397374161173,Entire home/apt,900,1,1,2017-08-21,0.06,1,88
20328332,Comfortable Room for Eclipse,144874203,Breeze,,Ward 5,44.96355347861902,-122.99413006040906,Private room,500,1,1,2017-08-21,0.06,1,365
20329749,Four Bedroom House - Perfect for the Eclipse!,142733277,Aaron,,Ward 2,44.93119022632264,-123.0176015797794,Private room,1500,1,0,,,1,365
20329857,COZY PRIVATE SOLAR ECLIPSE DESTINATION - AUG 18-22,144680856,Patricia,,Ward 2,44.9204477303531,-123.0318984896529,Entire home/apt,1000,2,0,,,1,365
20329904,Immaculate and Quiet Home Centrally Located,145045803,Sheli,,Ward 3,44.89734326299937,-123.03079585904257,Entire home/apt,400,3,11,2018-11-24,1.23,1,170
20331782,West Salem Comfort Home,145062780,Jonathan,,Ward 8,44.97644054954668,-123.07237289283125,Private room,550,2,0,,,1,89
20332534,Wine country home nestled in the West Salem hills.,78623911,Jennifer,,Ward 8,44.951017598792085,-123.07861577407515,Entire home/apt,130,2,2,2019-01-20,2,1,174
20332895,West Salem House in the Hills,28103304,Daniel,,Ward 8,44.9436085125431,-123.07008710008135,Entire home/apt,200,2,17,2018-12-02,2.11,1,127
20359176,"Private, Comfortable Home in West Salem",145218392,Joshua,,Ward 1,44.94084653782104,-123.06482983463499,Entire home/apt,95,1,22,2018-12-01,1.29,1,89
20395058,Comfortable Condo in Downtown Salem,45305429,David,,Ward 1,44.94649709159826,-123.03005085312809,Private room,400,1,0,,,1,89
20396656,2 Rooms for Eclipse Viewers,60610056,Jesse,,Ward 7,44.90409886459984,-123.07801152694837,Private room,1000,1,1,2017-08-21,0.06,1,89
20419695,Nob Hill Guest House,23015621,Michelle,,Ward 2,44.920294938128805,-123.04129385126713,Entire home/apt,80,2,22,2018-11-09,1.30,1,55
20420452,Epic Eclipse Experience-DRY CAMPING RV SITES,121934609,Colleen,,Ward 3,44.8973029818841,-123.04685171740391,Shared room,300,2,0,,,1,365
20433900,Sassy Sunflower Haus - *Guest Room*,50478520,Sunny,,Ward 1,44.942937208316785,-123.01780800220236,Private room,50,1,90,2019-01-24,5.06,1,47
20442080,"$1000/room, Premium Home for Eclipse Viewing",145860318,Kevin,,Ward 8,44.940651850872726,-123.08993032395931,Private room,3000,1,0,,,1,365
20455186,Golf course community 3 bedroom 2 bath - eclipse.,146014773,Tim,,Ward 4,44.86774908819213,-123.03947253525307,Entire home/apt,800,1,1,2017-08-21,0.06,1,89
20455778,Modern/contemporary cozy home for Eclipse viewing,2498122,Jenny,,Ward 4,44.88084305233889,-123.00499575940454,Private room,400,1,0,,,1,364
20460811,"West Salem, Oregon, Solar Eclipse night!",146070199,Benjamin,,Ward 1,44.94345257959988,-123.0644351130322,Private room,2400,1,0,,,1,364
20460965,Excellent Eclipse Viewing,325190,Mitch,,Ward 8,44.95719132095421,-123.08696682231722,Private room,400,1,0,,,1,89
20461270,River View in Downtown Salem!,62425570,Jesse,,Ward 1,44.958797959959725,-123.03504201519996,Entire home/apt,800,4,0,,,1,89
20463851,Downtown Studio w/ Rooftop Patio *ECLIPSE VIEW*,97475069,Alex,,Ward 1,44.94062771099845,-123.03728829123622,Entire home/apt,1200,1,0,,,1,88
20480270,"Holiday in the woods - Queen bed, shared bathroom",142095898,Kevin,,Ward 7,44.90051775255813,-123.07202093204806,Private room,50,2,10,2019-01-07,0.56,4,65
20482981,Solar Eclipse House in South Salem,146227211,Vitaly,,Ward 4,44.866670284493914,-123.05937459252216,Entire home/apt,1600,1,0,,,1,89
20523826,house for eclipse viewing,118744738,Katrina,,Ward 1,44.94779639144583,-123.0201196388864,Entire home/apt,600,1,1,2017-08-21,0.06,1,89
20537027,Eclipse viewing,62669634,Lynne,,Ward 7,44.871903646369084,-123.07636979975419,Private room,175,2,0,,,2,365
20538499,Great Eclipse Viewing Home Bedroom Bathroom L Room,27862305,Andrew,,Ward 4,44.87059392923738,-123.02846624687338,Private room,400,1,1,2017-08-21,0.06,1,89
20601728,Great base for vacations,62669634,Lynne,,Ward 7,44.87334420688097,-123.07825221969554,Private room,100,2,0,,,2,365
20638909,Historic 2BR Salem House w/Views of Mill Creek!,121688409,Evolve Vacation Rental,,Ward 1,44.93817455067673,-123.01700921380609,Entire home/apt,185,2,2,2018-04-27,0.20,3,207
20769206,South Salem private room.,148795009,Evelyn,,Ward 2,44.9215067123069,-123.03645217059812,Private room,30,3,15,2018-11-12,0.96,1,309
20843302,*Quiet Residential Home For Traveling Nurses,121661305,Don,,Ward 4,44.87758804921726,-123.01919634441323,Private room,29,7,6,2018-09-14,0.38,2,250
20888886,Townhome in Quiet West Salem Neighborhood,22853165,Rayana & Matt,,Ward 8,44.95329609812202,-123.06383248525466,Entire home/apt,99,3,18,2019-01-14,1.19,2,0
20898253,Comfy cottage bunkhouse,23877716,Amy,,Ward 4,44.88081352561926,-123.03729909725162,Private room,30,1,36,2019-01-15,2.23,4,344
20960971,5th wheel glamping,23877716,Amy,,Ward 4,44.87995234261496,-123.03907972221617,Entire home/apt,44,1,13,2018-05-27,0.78,4,167
21647344,Nice cozy and quiet room in SE Salem,157548395,Mercedes & Steve,,Ward 3,44.90579504452268,-122.9682975302942,Private room,37,2,8,2019-01-25,1.14,1,178
22215712,Private bedroom in Salem close to I5,161312832,Emily,,Ward 4,44.878338146548046,-123.03902979710557,Private room,34,1,132,2019-02-01,9.75,1,84
22295718,Heart of Downtown Living-TRY LIVING DOWNTOWN!,140972895,Angela,,Ward 1,44.942155686394976,-123.04015285722244,Entire home/apt,150,2,22,2019-01-23,1.72,2,341
22322372,"Private room at ""Oak Abode""",13206115,Tom And Jacqueline,,Ward 8,44.94613527409067,-123.06555930948666,Private room,42,1,72,2019-01-29,6.37,1,45
22749101,Private home in South Salem-Pringle neighborhood,167989990,David,,Ward 4,44.87625933348749,-123.01842882091078,Entire home/apt,77,2,1,2018-08-15,0.17,1,0
22889948,"Room availble, walking distance to downtown Salem",77970447,Mayra,,Ward 2,44.93233478129718,-123.01736167188102,Private room,55,1,1,2018-02-10,0.08,1,365
23134248,Historic  Bungalow -King’s Room,46108277,Jaya,,Ward 2,44.93349196905416,-123.01954095110449,Private room,60,1,28,2018-10-22,2.31,2,260
23234197,"Convenient, modern family home base SE Salem 민박한국어",9643500,Jason,,Ward 4,44.871880303663296,-123.03312266053116,Entire home/apt,110,2,32,2018-11-24,3.15,1,75
23251563,Country Charm Near Downtown | Private Yard,52551969,David & Shari,,Ward 2,44.93881417642712,-123.01247616956955,Entire home/apt,160,31,9,2018-10-27,0.94,1,178
23320790,Quiet Residential Home For Traveling Nurses,121661305,Don,,Ward 4,44.879427887304296,-123.01749858075833,Private room,29,7,0,,,2,340
23576718,Large Salem Townhome Close to Wineries & Parks!,121688409,Evolve Vacation Rental,,Ward 2,44.928885578896974,-123.017715977104,Entire home/apt,230,2,1,2018-07-23,0.15,3,358
24019630,Century House Maple Suite,10502090,Jean,,Ward 2,44.93309650222871,-123.02163493292831,Private room,140,1,5,2018-09-10,0.51,3,331
24137297,1 bedroom for rent w/ shared bath.,131331860,Dave,,Ward 8,44.9569865229804,-123.07459939035816,Private room,22,90,0,,,1,165
24155499,Restful and Clean Guest Studio,32693061,Lisa,,Ward 1,44.945494990601986,-123.01182972011405,Entire home/apt,85,1,82,2018-10-26,8.26,1,130
24780208,Guest Cottage at Vista Manor,49073704,Elizabeth,,Ward 2,44.9103610941693,-123.04217244143918,Entire home/apt,98,1,65,2019-01-28,7.01,3,46
24780832,Private Room five kilometers from Downtown Room 2,60660763,David,,Ward 2,44.90970790321196,-123.02827093870347,Private room,18,1,1,2018-08-30,0.19,2,219
25425938,Charming Wilmette Valley hideaway,190791737,Jenni,,Ward 4,44.87549274051746,-123.00127995935696,Entire home/apt,310,2,7,2018-08-20,0.87,1,170
25454326,2B-1B In-Law Quarters,174552371,Marta,,Ward 3,44.90708072371145,-123.02827806389601,Entire home/apt,50,2,11,2019-01-27,1.54,1,266
26813436,Single bed - A place to rest your head.,142095898,Kevin,,Ward 7,44.900550316207045,-123.0722900337062,Private room,30,2,3,2018-08-20,0.45,4,342
27395417,Quiet and Serene,43282941,Connie,,Ward 7,44.90014489984914,-123.05022360206418,Entire home/apt,45,1,12,2019-01-06,2.11,2,340
27460634,"Quite and Serene,In South Salem",43282941,Connie,,Ward 3,44.90054336224777,-123.04928908012468,Entire home/apt,60,1,33,2019-02-01,6.56,2,339
27631253,Classic Cottage Bungalow,132897916,Carly,,Ward 1,44.9505014738953,-123.00894264226821,Private room,38,1,30,2019-01-27,5.08,2,257
27867259,Private Basement Retreat,605948,Christine,,Ward 1,44.94995805583817,-123.00529606566636,Private room,50,1,10,2019-01-27,2.19,1,31
28284182,Charming Home w/ Yard - 5 Mins to Downtown Salem!,121688409,Evolve Vacation Rental,,Ward 1,44.95671415743926,-123.02207325830301,Entire home/apt,260,2,3,2019-01-01,0.97,3,299
28466278,"Quiet, spacious bedroom in newly remodeled house",140465148,Jared,,Ward 7,44.90400340736623,-123.06993834575525,Private room,80,1,2,2018-11-19,0.53,2,28
28490705,Quite newly remodeled bedroom,140465148,Jared,,Ward 7,44.90429072683283,-123.0702840601387,Private room,80,1,2,2018-10-19,0.52,2,0
28564995,Comfy south couch surfing,23877716,Amy,,Ward 4,44.87945525585831,-123.0374129283009,Private room,25,1,8,2019-01-28,1.70,4,328
29007519,Peaceful Creekside Retreat,124301676,Josh,,Ward 1,44.93850011311537,-123.02280277899976,Entire home/apt,80,1,19,2019-02-03,4.87,1,41
29103104,welcome future guests.,219340552,Yasmin,,Ward 2,44.93714821120203,-122.9916129747614,Entire home/apt,140,1,7,2019-01-20,1.94,1,82
29162284,Cozy Guest Suit In West Salem,167381185,Mr. & Mrs. Ostrander,,Ward 8,44.9777791191749,-123.07894678392165,Entire home/apt,59,2,0,,,1,282
29382038,South Salem - Home Away From Home,221348317,Tammy,,Ward 3,44.879970608403596,-123.0448145293747,Entire home/apt,120,2,14,2019-01-28,4.16,1,201
29436524,Nana’s Tropical Boudoir,127231407,Adriana & Andrew,,Ward 7,44.904189240542635,-123.05573329430004,Private room,40,1,7,2019-02-02,3.82,3,152
29730707,Cozy Cellar Retreat in 1900's Bungalow!!!!,132897916,Carly,,Ward 1,44.934126936680165,-123.04440596367729,Entire home/apt,85,2,1,2018-11-12,0.35,2,133
29799727,Private bedroom/bathroom in a gated community!,94877466,Himalaya,,Ward 3,44.91126678692104,-122.95955690167318,Private room,45,1,16,2019-01-22,5.27,1,53
29805406,Salem Home near attractions,224239421,Annette,,Ward 4,44.87896729960996,-123.04124127807037,Entire home/apt,150,4,1,2019-01-27,1,1,173
30106071,Slice of Paradise,13999077,Walter,,Ward 8,44.944072351835,-123.07066198889649,Private room,125,1,0,,,1,362
30155661,Remodeled Room in Relaxing Atmosphere,226565398,Rachel,,Ward 1,44.943331625185785,-123.03393396344174,Private room,38,1,0,,,1,179
30340285,Beautiful Suite Near Downtown and Bush Park,17219224,Caleb And Keely,,Ward 2,44.923307657664424,-123.0416224087031,Entire home/apt,54,1,8,2018-12-31,3.81,1,0
30372738,Large Room and Bathroom with Separate Entrance!,228032976,Spencer And Mariah,,Ward 4,44.868666165684196,-123.01944399288219,Private room,40,1,16,2019-01-28,7.27,2,312
30403843,Large House,228297906,Daniel,,Ward 8,44.939094490981816,-123.09048031062969,Entire home/apt,500,1,1,2018-12-08,0.50,1,0
30442754,"Willamette Valley Bungalow in Salem, Oregon",228558574,Bill & Aimee,,Ward 7,44.91831472095319,-123.04511704899699,Entire home/apt,125,2,3,2019-01-27,2.25,1,322
30448207,Pappy’s Whiskey Den,127231407,Adriana & Andrew,,Ward 7,44.90553948484302,-123.05436758880536,Private room,30,1,14,2019-01-31,9.55,3,167
30689781,"Bright, Spacious Home In Salem Oregon",15827344,Jonathan,,Ward 7,44.882089919804024,-123.06645007937306,Entire home/apt,195,1,1,2019-01-20,1,1,36
30856834,"Sanctuary on High,  Downtown Salem",142557811,Susan,,Ward 2,44.9325656364022,-123.04103994320832,Entire home/apt,225,2,4,2019-01-27,3.24,2,345
31005128,"Near Downtown, Separate Guest House with Gate Code",142557811,Susan,,Ward 2,44.932528084322406,-123.01069196433563,Entire home/apt,125,1,2,2019-02-03,1.82,2,355
31065444,Make this your home!,131854837,Karen,,Ward 8,44.956358176681555,-123.08540999129006,Private room,60,1,0,,,1,148
31209397,Simple Large Room + Private Bathroom! Right by I-5,228032976,Spencer And Mariah,,Ward 4,44.868671411446144,-123.01821996068549,Private room,14,1,5,2019-02-03,5,2,122
31209793,Corporate Accomodation in the Heart of Salem,75198726,Elizabeth & Richard,,Ward 2,44.93170049342509,-123.01671824180936,Entire home/apt,90,7,0,,,1,39
31238348,Room Among the Trees,71029874,Anne,,Ward 7,44.908504483126265,-123.06951554344627,Private room,85,1,0,,,2,234
31516450,Eclectic Botanical Charmer: 4 beds & 2bath,127231407,Adriana & Andrew,,Ward 7,44.90450434649266,-123.05568016456935,Entire home/apt,250,1,0,,,3,81
31671724,South Salem Guesthouse,227134123,Will & Yesenia,,Ward 7,44.90567358000821,-123.05375534685638,Entire home/apt,54,2,1,2019-01-27,1,1,270
31721004,Private room in historic Downtown Salem home,171314658,Kyle,,Ward 1,44.93407434840104,-123.04233913126974,Private room,60,1,0,,,1,179
32018098,Oregon Winemakers Beautiful Colonial in Salem,240057378,Patricia,,Ward 8,44.97105138008858,-123.07856048442238,Entire home/apt,375,2,0,,,1,168
32071956,Salem Suite,7537454,Libby,,Ward 8,44.94601582902079,-123.06957902159539,Private room,100,1,0,,,1,0
